Features,IDs
"[1, 1, 1, 1, 1, 1, 1, 1, 15.689700000000004, 2.9905, 13.759200000000002, 0, 0.4051, 8.8782, 1.8513, 3.3789, 0, 7.8924, 14.810000000000002, 0.9989, 0, 0, 0, 0, 0, 0, 0, 8.129299999999999, 12.9344, 0, 0, 0, 0, 1, 11, 0, 0, 1, 1, 1, 0, 1, 0, 0, 1, 0, 0, 0]",697689596979025
"[1, 0, 0, 1, 0, 0, 0, 1, 1.8053, 0, 0.9988, 0, 0.7085, 1.8814, 0, 0, 0, 0, 0.9994, 0, 0, 0, 0, 0, 0, 0, 0, 0, 0, 0, 0, 0, 0, 1, 1, 0, 1, 1, 1, 1, 0, 1, 1, 0, 1, 0, 0, 0]",113523748745557
"[1, 1, 1, 1, 1, 0, 0, 1, 0.9923, 0, 1.999, 0, 0, 1.7181, 0, 0, 0, 0.9976, 0.9972, 0, 0, 0, 0, 0, 0, 0, 0, 0, 0.9988, 0, 0, 0, 0, 1, 1, 0, 1, 1, 1, 1, 0, 1, 0, 0, 1, 0, 0, 0]",113523748745557
"[1, 0, 0, 1, 1, 1, 1, 1, 6.5811, 0, 3.7775, 0, 0, 4.6459, 0.9524, 0, 0, 4.8323, 3.8127999999999997, 0.9972, 0.9085, 0.8844, 0.4868, 0, 0, 0, 0, 0, 3.9886000000000004, 0.5732, 0, 0, 0, 2, 3, 0, 1, 1, 2, 1, 0, 1, 1, 1, 1, 0, 0, 1]",113523748745557
"[1, 1, 1, 1, 1, 1, 1, 1, 16.0471, 0, 7.292599999999999, 0, 0, 5.604400000000001, 2.3491, 0, 0, 1.7027, 10.957200000000002, 2.9931, 0, 0, 0, 0, 0, 0, 0, 6.892900000000001, 4.9638, 0, 0, 0, 0, 1, 1, 0, 2, 0, 1, 0, 0, 0, 0, 0, 1, 0, 0, 0]",113523748745557
"[1, 1, 0, 1, 1, 1, 1, 0, 8.088799999999999, 1.5369000000000002, 12.7473, 0, 0.9056, 9.5407, 5.043, 2.8777, 0, 4.5977, 7.769399999999999, 0.9986, 0, 0, 0, 0, 0.9649, 0, 0, 2.451, 9.6278, 1.4305, 0, 0, 0, 2, 4, 2, 2, 2, 1, 2, 3, 1, 1, 0, 1, 0, 0, 1]",113523748745557
"[1, 1, 0, 1, 1, 1, 1, 0, 9.0898, 0.5454, 1.9792, 0, 0, 5.2893, 4.7117, 0, 0, 0.993, 2.9936, 0.9986, 0, 0, 0, 0, 0, 0, 0, 0, 1.9936, 0, 0, 0, 0, 0, 0, 2, 0, 0, 0, 1, 0, 0, 1, 0, 1, 0, 0, 0]",113523748745557
"[1, 0, 0, 1, 1, 1, 1, 1, 5.5183, 3.8228, 2.2629, 0, 0, 7.6831, 0, 1.1835, 0, 0.9557, 1.9776, 0.9962, 0, 0, 0, 0, 0, 0, 0, 0, 4.9507, 0, 0, 0, 0, 0, 1, 0, 0, 0, 0, 0, 0, 0, 0, 0, 1, 0, 0, 1]",113523748745557
"[1, 1, 1, 1, 1, 1, 1, 1, 56.85180000000002, 0, 29.73660000000001, 0, 1.1719, 17.243600000000004, 13.7773, 0.9985, 0, 12.957299999999998, 23.8446, 2.993, 0, 0, 0, 0, 0, 0, 0, 13.337100000000001, 43.363699999999994, 0, 0, 0, 0, 3, 9, 2, 3, 3, 4, 5, 0, 1, 1, 0, 1, 0, 0, 0]",408282242636625
"[1, 1, 1, 1, 1, 1, 1, 1, 38.96950000000001, 0, 29.61520000000001, 0, 0.7022, 8.4291, 7.472199999999999, 0.9985, 0, 13.7719, 17.9003, 1.9950999999999999, 0, 0, 0, 0, 0, 0, 0, 8.9459, 24.427199999999996, 0.5698, 0, 0, 0, 1, 5, 1, 1, 1, 2, 2, 0, 1, 1, 0, 1, 0, 0, 0]",408282242636625
"[1, 1, 1, 1, 1, 1, 1, 0, 8.842600000000001, 0.9064, 4.7696, 0, 0, 0.9984, 2.8837, 0, 0, 3.9425, 5.910299999999999, 3.9938000000000002, 0, 0, 0.4699, 0, 0, 1.9376, 0, 1.9505, 9.253300000000001, 0, 0, 0, 0, 0, 2, 0, 0, 0, 2, 0, 0, 0, 0, 1, 1, 1, 0, 1]",1680158918899563
"[1, 1, 0, 1, 1, 1, 1, 1, 21.0539, 0.9696, 1.7864, 0.5844, 0.9123, 11.428500000000001, 5.3251, 3.1306000000000003, 0, 4.541200000000001, 12.747400000000003, 1.9964, 0, 0, 0, 0, 0, 0, 0, 8.735000000000001, 9.5761, 0.442, 0, 0, 0, 2, 5, 0, 1, 1, 5, 2, 0, 1, 1, 0, 1, 0, 1, 0]",1680158918899563
"[1, 1, 1, 1, 1, 1, 1, 1, 1.4946000000000002, 0, 4.4897, 0, 0, 2.2986, 0, 0, 0, 1.9949, 1.6461000000000001, 0, 0, 0, 0, 0, 0, 0, 0, 0, 1.996, 0, 0, 0, 0, 2, 9, 3, 1, 1, 2, 2, 1, 1, 1, 1, 1, 0, 0, 1]",1680158918899563
"[1, 1, 1, 1, 1, 1, 1, 1, 1.4946000000000002, 0, 4.4897, 0, 0, 2.2986, 0, 0, 0, 1.9949, 1.6461000000000001, 0, 0, 0, 0, 0, 0, 0, 0, 0, 1.996, 0, 0, 0, 0, 2, 9, 3, 1, 1, 2, 2, 1, 1, 1, 1, 1, 0, 0, 1]",1680158918899563
"[1, 1, 0, 1, 1, 1, 1, 0, 14.6245, 0.8607, 5.3327, 0, 0.7453, 3.733, 3.863, 1.9312, 0, 3.9908, 8.9034, 0.9947, 0, 0, 0, 0, 0, 0, 0, 2.9829, 6.7009, 0, 0, 0, 0, 0, 3, 0, 0, 1, 2, 0, 0, 1, 1, 0, 1, 0, 0, 0]",1680158918899563
"[1, 1, 1, 1, 1, 1, 1, 0, 2.377, 0, 4.163600000000001, 0, 0, 0.9463, 0, 0, 0, 0, 0.9996, 0, 0, 0, 0, 0, 0, 0, 0, 2.9565, 2.9646, 0, 0, 0, 0, 3, 8, 0, 0, 1, 4, 1, 0, 1, 1, 0, 1, 0, 0, 0]",1680158918899563
"[1, 1, 1, 1, 1, 1, 1, 0, 11.1988, 0, 3.3369, 0, 0.6821, 4.9595, 1.6871, 2.2921, 0, 2.9844, 5.5769, 0, 0.4878, 0, 0, 0, 0, 0, 0, 6.4838, 4.9780999999999995, 0, 0, 0, 0, 4, 8, 1, 2, 1, 5, 0, 1, 1, 1, 1, 1, 0, 0, 0]",697689596979025
"[1, 0, 0, 1, 1, 0, 0, 1, 1.7793, 0, 0.7858, 0, 0, 3.8485, 0, 0.9986, 0, 0.9968, 0, 0.994, 0, 0, 0, 0, 0, 0, 0, 0, 1.9959, 0, 0, 0, 0, 0, 2, 0, 1, 0, 0, 0, 0, 1, 0, 0, 1, 0, 0, 0]",113523748745557
"[1, 1, 1, 1, 1, 1, 1, 1, 14.011899999999999, 4.962, 4.5147, 0, 0, 11.874699999999999, 2.0759, 0.9762, 0, 11.7515, 7.9727000000000015, 0.9985, 0.574, 0, 9.3824, 0, 0, 0, 0, 0.6668, 8.9718, 0, 0.9957, 0, 0, 1, 2, 1, 1, 1, 2, 2, 0, 1, 1, 1, 1, 0, 1, 0]",113523748745557
"[1, 1, 1, 1, 1, 0, 0, 1, 0, 4.8412, 0, 0, 0, 5.740399999999999, 0, 0.9942, 0, 0, 0.9766, 0, 0, 0, 0, 0, 0, 0, 0, 0, 0, 0, 0, 0, 0, 1, 1, 0, 1, 1, 1, 1, 0, 1, 1, 0, 1, 0, 0, 0]",113523748745557
"[1, 0, 0, 1, 0, 0, 0, 1, 1.8053, 0, 0.9988, 0, 0.7085, 1.8814, 0, 0, 0, 0, 0.9994, 0, 0, 0, 0, 0, 0, 0, 0, 0, 0, 0, 0, 0, 0, 1, 1, 0, 1, 1, 1, 1, 0, 1, 1, 0, 1, 0, 0, 0]",113523748745557
"[1, 1, 1, 1, 1, 1, 1, 1, 24.714000000000002, 1.9882, 20.9897, 0, 0, 14.740600000000004, 8.127099999999999, 0.9683, 0.6498, 9.8671, 17.1541, 6.918399999999999, 0.8781, 0, 0, 0, 0, 0, 0, 16.608999999999998, 26.0533, 0, 0, 0, 0, 7, 6, 0, 4, 2, 9, 2, 0, 1, 1, 0, 1, 0, 0, 0]",408282242636625
"[1, 0, 0, 1, 1, 1, 1, 1, 1.8995, 0, 3.1147000000000005, 0, 0.4058, 1.4022, 0, 0.4907, 0, 0, 0.9964, 0, 0, 0, 0, 0, 0, 0, 0, 0, 1.9944, 0, 0, 0, 0, 2, 2, 0, 2, 2, 3, 2, 0, 0, 0, 0, 1, 0, 0, 1]",408282242636625
"[1, 0, 0, 1, 1, 1, 1, 1, 6.6290000000000004, 0.9881, 11.433, 0, 0, 5.078, 0, 0.7335, 0, 0.9996, 9.574, 0.9989, 0, 0, 0, 0, 0, 0, 0, 4.4033, 7.9581, 0, 0, 0, 0, 1, 1, 0, 1, 0, 1, 0, 0, 0, 0, 0, 1, 0, 0, 0]",951998221479788
"[1, 1, 1, 1, 1, 1, 0, 1, 3.9507, 0, 2.6764, 0, 0.916, 1.9951, 1.5647, 0, 0, 1.8979, 0.9642, 0.9989, 0, 0, 0, 0, 0, 0, 0, 0, 1.8866, 0, 0, 0, 0, 0, 0, 0, 0, 0, 0, 0, 0, 0, 0, 0, 1, 0, 0, 0]",113523748745557
"[1, 1, 1, 1, 1, 1, 1, 1, 7.5322, 2.9513, 3.0975, 0, 0, 7.5296, 4.4096, 2.5191, 0, 7.5327, 6.9548000000000005, 0.9976, 0, 0, 0, 0, 0, 0, 0, 1.7873999999999999, 3.8893999999999997, 0, 0.998, 0, 0, 1, 1, 0, 2, 0, 2, 0, 0, 1, 0, 0, 1, 0, 0, 0]",113523748745557
"[1, 1, 1, 1, 1, 0, 0, 0, 0, 0, 0.3107, 0, 0, 0, 0, 0, 0, 0, 0, 0, 0, 0, 0.5188, 0, 0, 0, 0, 0, 0, 0.4502, 0, 0, 0, 0, 0, 0, 0, 0, 0, 0, 0, 0, 0, 1, 1, 0, 0, 0]",113523748745557
"[1, 0, 0, 1, 1, 1, 1, 0, 12.3761, 5.9203, 5.0703000000000005, 0, 0, 15.5834, 3.2392, 0.9913, 0, 9.8856, 11.818100000000001, 1.9924, 1.8331, 0, 0, 0, 0, 0, 0, 0.9923, 7.985900000000001, 0, 0.9851, 0, 0, 1, 2, 1, 0, 0, 2, 0, 0, 1, 0, 0, 1, 0, 1, 0]",408282242636625
"[1, 0, 0, 1, 1, 1, 1, 0, 4.9628, 2.992, 2.4497999999999998, 0.8185, 0, 11.2997, 2.8162000000000003, 0, 0, 1.9745, 4.5104, 0.9932, 0, 0, 0, 0, 0, 0, 0, 0.9719, 4.9876, 0, 0, 0, 0, 2, 1, 0, 3, 0, 4, 0, 0, 1, 1, 0, 1, 0, 0, 0]",408282242636625
"[1, 0, 0, 1, 1, 1, 1, 1, 1.9205, 0.9971, 7.509200000000001, 0, 0, 0.7379, 0, 0, 0, 0.9991, 2.9981, 0, 0, 0, 0, 0, 0, 0, 0, 0, 0.8491, 0, 0, 0, 0, 1, 2, 0, 1, 1, 1, 1, 0, 0, 0, 0, 1, 0, 0, 0]",113523748745557
"[1, 1, 0, 1, 1, 1, 1, 1, 4.8545, 3.9121, 9.500300000000001, 0, 0, 16.5252, 2.778, 1.9904, 0, 5.912100000000001, 7.3696, 1.9937, 0, 0, 0, 0, 0.9649, 0, 0, 0, 8.8546, 0.8791, 2.8842, 0, 0, 0, 0, 0, 4, 1, 0, 0, 0, 1, 1, 0, 1, 0, 0, 0]",113523748745557
"[1, 0, 0, 1, 1, 1, 1, 1, 13.381100000000002, 0.9982, 10.9511, 0, 0.957, 11.628400000000001, 7.4568, 6.2077, 0, 9.8537, 9.7835, 2.9663, 0, 0, 0, 0, 0, 0, 0, 0, 7.9801, 0, 0, 0, 0, 0, 1, 1, 0, 0, 1, 1, 1, 1, 1, 0, 1, 0, 1, 1]",113523748745557
"[1, 1, 0, 1, 1, 1, 1, 1, 15.527700000000001, 5.975899999999999, 3.4929, 0, 0, 13.4197, 3.1497, 2.6074, 0, 6.9528, 8.4313, 4.9805, 0, 0, 0.8372, 0, 0, 0, 2.6219, 1.9458000000000002, 5.4733, 1.2459, 0.8587, 0, 0, 3, 3, 0, 2, 2, 4, 2, 0, 1, 1, 1, 1, 0, 0, 1]",1523494334543575
"[1, 1, 1, 1, 1, 1, 1, 1, 59.000000000000014, 0, 27.5912, 0, 0.4697, 20.0777, 13.198400000000001, 0, 0, 13.954499999999998, 23.856199999999998, 2.9952, 0, 0, 0, 0, 0, 0, 0, 16.0074, 46.13540000000001, 0, 0, 0, 0, 4, 11, 4, 4, 5, 6, 7, 0, 1, 1, 0, 1, 0, 0, 0]",408282242636625
"[1, 1, 0, 1, 1, 1, 1, 1, 9.268700000000003, 0, 3.774, 0, 0, 4.6042000000000005, 1.9698, 0.998, 0.5689, 5.5844, 5.9578, 0, 0, 0, 0, 0, 0, 0.996, 0, 1.9982, 5.7751, 0, 0, 0, 0, 1, 3, 0, 1, 1, 2, 1, 0, 1, 0, 0, 1, 1, 1, 0]",408282242636625
"[1, 1, 1, 1, 1, 1, 1, 1, 36.5688, 0, 4.8752, 0, 0, 13.877000000000002, 5.912400000000001, 0, 0, 20.7222, 12.4243, 1.9994, 0, 0, 0, 0, 0, 0.9969, 0, 0, 17.8821, 0, 0, 0, 0, 13, 9, 4, 3, 1, 12, 6, 0, 1, 1, 0, 1, 1, 0, 1]",1680158918899563
"[1, 1, 1, 1, 1, 1, 1, 1, 16.718800000000005, 2.9678999999999998, 13.792899999999998, 0, 0, 10.9578, 4.2658, 0, 0, 5.545700000000001, 13.375800000000002, 0.9984, 0, 0.5342, 0, 0, 0, 0, 0, 0, 7.718500000000001, 0, 0, 0, 0, 2, 9, 3, 1, 1, 2, 3, 2, 1, 1, 0, 1, 0, 0, 0]",1680158918899563
"[1, 1, 1, 1, 1, 1, 1, 1, 0.9827, 0, 4.8819, 0, 0, 2.3034, 0, 0, 0, 1.9949, 1.6461000000000001, 0, 0, 0, 0, 0, 0, 0.9959, 0, 0, 1.9738, 0, 0, 0, 0, 2, 9, 3, 1, 1, 2, 2, 1, 1, 1, 1, 1, 1, 1, 1]",1680158918899563
"[1, 0, 0, 1, 1, 1, 1, 1, 8.1473, 0.9935, 5.4945, 0, 0.958, 1.8232, 3.6175, 1.9676, 0, 2.9976, 3.967, 0.9975, 0, 0, 0, 0, 0, 0, 0, 0.962, 3.4842, 0, 0, 0, 0, 0, 1, 1, 1, 0, 1, 2, 0, 0, 1, 0, 1, 0, 0, 0]",408282242636625
"[1, 1, 1, 1, 1, 1, 1, 1, 39.5365, 4.0213, 19.723400000000005, 0, 0, 21.726800000000004, 21.382, 7.2195, 0.3791, 26.580500000000004, 26.419900000000005, 8.9682, 0, 0, 0, 0, 0, 0.9918, 0, 8.7571, 28.475700000000003, 0.8947, 2.9581999999999997, 0, 0, 1, 4, 0, 1, 0, 2, 0, 1, 1, 0, 0, 1, 0, 0, 0]",52850385745
"[1, 1, 1, 1, 1, 1, 1, 0, 15.164599999999998, 10.7056, 0.9972, 0, 0.8145, 27.720900000000004, 9.721499999999999, 14.4588, 0.4743, 8.5449, 11.828800000000001, 4.9928, 0.9744, 0, 0.9691, 0, 0, 0, 0, 0, 19.854100000000003, 0, 0, 0, 0, 2, 4, 1, 2, 1, 1, 1, 2, 1, 1, 1, 1, 0, 0, 0]",1680158918899563
"[1, 1, 1, 1, 1, 1, 0, 1, 0, 0.9954, 2.6816, 0, 0, 3.9166, 0, 0, 0, 0, 1.9767000000000001, 0, 0.9444, 0, 0, 0, 0, 0, 0, 0, 1.9882, 0, 0, 0, 0, 0, 0, 0, 1, 0, 0, 0, 0, 0, 0, 0, 1, 0, 1, 0]",1523494334543575
"[1, 1, 1, 1, 1, 0, 0, 1, 0, 0, 0, 0, 0, 0.6388, 0, 0, 0, 0, 0, 0, 0, 0, 0, 0, 0, 0, 0, 0, 0, 0, 0, 0, 0, 1, 1, 0, 1, 1, 1, 1, 0, 0, 0, 0, 1, 0, 0, 0]",113523748745557
"[1, 1, 1, 1, 1, 1, 1, 1, 7.7237, 0.998, 4.3368, 0, 0, 5.7043, 0, 0, 0, 0.9954, 5.8361, 1.9958, 0, 0, 0, 0, 0, 0, 0, 0.9873, 1.9969999999999999, 0, 0, 0, 0, 1, 4, 0, 1, 1, 1, 1, 0, 1, 1, 0, 1, 0, 0, 0]",408282242636625
"[1, 1, 1, 1, 1, 1, 1, 1, 8.616399999999999, 0.9852, 1.9904000000000002, 0, 0, 5.8145, 4.8216, 0, 0, 5.927300000000001, 3.983, 0.9962, 0, 0, 0, 0, 0, 0, 0, 0.9438, 1.9967000000000001, 0, 1.9097, 0, 0, 4, 2, 0, 3, 1, 4, 1, 0, 1, 1, 0, 1, 0, 0, 0]",113523748745557
"[1, 0, 0, 1, 1, 1, 1, 1, 0.9304, 0, 0.993, 0, 0, 0, 0.7283, 0, 0, 0, 0, 0, 0, 0, 0, 0, 0, 0, 0, 0, 0, 0, 0, 0, 0, 0, 0, 0, 0, 0, 0, 0, 0, 0, 0, 0, 1, 0, 0, 0]",113523748745557
"[1, 1, 0, 1, 1, 1, 1, 0, 9.6325, 1.9938, 3.2006, 0, 0, 7.8975, 0.96, 0.9937, 0, 3.9756, 11.020500000000002, 0.9947, 0, 0, 0, 0, 0, 0, 0, 9.7385, 2.963, 0, 0, 0, 0, 0, 2, 0, 0, 0, 0, 0, 0, 1, 0, 0, 1, 0, 1, 0]",113523748745557
"[1, 0, 0, 1, 1, 1, 1, 1, 7.4065, 5.974600000000001, 4.2229, 0, 0, 10.5234, 1.9154, 0, 0, 5.7940000000000005, 3.9779999999999998, 1.9944, 0.956, 0, 0, 0, 0, 0, 0, 0.9941, 5.979799999999999, 0, 0, 0, 0, 2, 2, 0, 3, 0, 2, 0, 0, 1, 0, 0, 1, 0, 1, 1]",408282242636625
"[1, 1, 0, 1, 1, 1, 1, 1, 15.4689, 0, 4.458200000000001, 0, 0, 11.821399999999999, 0.9871, 3.9400999999999997, 0, 9.7273, 9.831900000000001, 1.9963, 0, 1.5741999999999998, 0, 0, 0, 0, 0, 3.407, 4.9878, 0, 0, 0, 0, 2, 3, 0, 2, 2, 3, 2, 0, 1, 1, 0, 1, 0, 1, 0]",408282242636625
"[1, 0, 0, 1, 1, 1, 1, 1, 2.4307, 0.9971, 1.3305, 0, 0, 1.7370999999999999, 1.0, 0.9964, 0, 0.9978, 0.9988, 0, 0, 0, 0, 0, 0, 0, 0, 0, 0, 0, 0, 0, 0, 1, 1, 0, 1, 1, 1, 1, 0, 1, 0, 0, 1, 0, 0, 0]",113523748745557
"[1, 0, 0, 1, 1, 1, 1, 1, 12.514400000000002, 1.7428, 3.9192, 0, 0, 9.5658, 3.7007999999999996, 0, 0, 2.9702, 9.804199999999998, 0, 0, 0, 9.8709, 0.994, 0, 0, 0, 0.7276, 2.9864, 0, 0.9821, 0, 0, 4, 4, 1, 3, 3, 5, 3, 0, 1, 1, 1, 1, 0, 0, 0]",113523748745557
"[1, 1, 1, 1, 1, 1, 1, 1, 42.5088, 1.8574, 4.8617, 0, 0, 19.887400000000003, 12.6394, 3.5865, 0.9623, 12.628799999999998, 20.040200000000006, 3.9592, 1.6933, 0, 0, 0, 0, 0, 0, 1.9691, 10.715199999999998, 0, 1.7911000000000001, 0, 0, 1, 9, 1, 1, 1, 5, 1, 0, 1, 1, 0, 1, 0, 1, 0]",408282242636625
"[1, 1, 1, 1, 1, 1, 1, 1, 15.550699999999999, 3.8519000000000005, 14.383400000000002, 0, 0, 12.8551, 4.0879, 1.9832999999999998, 0, 6.9078, 11.471499999999999, 5.9329, 0, 0, 0, 0, 0, 0, 0, 1.8593000000000002, 4.9909, 0, 0, 0, 0, 2, 3, 3, 1, 0, 2, 1, 0, 1, 1, 0, 1, 0, 0, 0]",1680158918899563
"[1, 1, 1, 1, 1, 1, 1, 1, 9.6589, 5.6896, 2.9827, 0, 0, 8.433300000000001, 3.8301999999999996, 3.899, 0, 1.9926, 0.9888, 1.9948, 0, 0, 0, 0, 0, 0, 0, 0, 13.941699999999999, 0, 0, 0, 0, 0, 6, 0, 0, 0, 0, 1, 0, 1, 0, 0, 1, 0, 0, 0]",1680158918899563
"[1, 1, 1, 1, 1, 1, 1, 0, 18.925, 1.9948000000000001, 7.6388, 0, 0.7218, 24.209799999999998, 5.431699999999999, 1.6598000000000002, 0, 8.9166, 12.7181, 3.9906, 0, 1.2138, 0, 0, 0, 0, 0, 3.8121, 12.95, 0, 0.9971, 0, 0, 2, 2, 1, 0, 0, 4, 2, 0, 1, 0, 1, 1, 0, 0, 1]",1680158918899563
"[1, 1, 1, 1, 1, 1, 1, 1, 1.4946000000000002, 0, 4.4897, 0, 0, 2.2986, 0, 0, 0, 1.9949, 1.6461000000000001, 0, 0, 0, 0, 0, 0, 0, 0, 0, 1.996, 0, 0, 0, 0, 2, 9, 3, 1, 1, 2, 2, 1, 1, 1, 1, 1, 0, 0, 1]",1680158918899563
"[1, 0, 0, 1, 1, 1, 1, 1, 5.9736, 0.996, 8.8373, 0, 0, 3.9877000000000002, 3.1456999999999997, 0.9643, 0, 1.9902000000000002, 3.9881, 0.9976, 0, 0, 0, 0, 0, 0, 0, 0, 4.9798, 0, 0.7772, 0, 0, 1, 1, 0, 1, 1, 1, 1, 0, 1, 1, 0, 1, 0, 1, 0]",1680158918899563
"[1, 1, 1, 1, 1, 1, 1, 1, 7.8561, 4.8964, 2.5324, 0, 0, 10.6531, 3.1406, 2.4867, 0, 5.9563999999999995, 11.946, 0, 0, 0.7701, 0, 0, 0, 0, 0, 1.9506000000000001, 4.9898, 0, 0, 0, 0, 1, 3, 0, 1, 1, 3, 1, 0, 1, 0, 0, 1, 0, 0, 1]",113523748745557
"[1, 0, 0, 1, 0, 0, 0, 1, 1.8053, 0, 0.9988, 0, 0.7085, 1.8814, 0, 0, 0, 0, 0.9994, 0, 0, 0, 0, 0, 0, 0, 0, 0, 0, 0, 0, 0, 0, 1, 1, 0, 1, 1, 1, 1, 0, 1, 1, 0, 1, 0, 0, 0]",113523748745557
"[1, 1, 1, 1, 1, 0, 0, 1, 0, 0.9986, 0.9778, 0, 0, 1.9638, 1.0925, 0.9832, 0, 0, 0.9995, 0, 0, 0, 0, 0, 0, 0, 0, 0, 0.9989, 0, 0, 0, 0, 1, 1, 0, 1, 1, 1, 1, 0, 1, 1, 0, 1, 0, 0, 0]",113523748745557
"[1, 0, 0, 1, 1, 1, 1, 1, 14.850900000000001, 3.9299999999999997, 6.1143, 0, 0, 10.6343, 5.5463000000000005, 1.8604, 0, 7.853, 9.5254, 2.9931, 0, 0, 0, 0, 0.9144, 0, 0, 0, 6.574, 0.8351, 0, 0, 0, 1, 2, 4, 4, 2, 3, 4, 1, 1, 1, 0, 1, 0, 0, 0]",408282242636625
"[1, 1, 1, 1, 1, 1, 1, 1, 6.6056, 0, 4.9615, 0, 0, 3.787, 5.9947, 1.9683000000000002, 0, 3.9367, 1.9405000000000001, 0.9985, 0, 0, 0, 0, 0, 0, 0, 1.8782, 2.9915000000000003, 0, 0.8904, 0, 0, 1, 1, 1, 1, 1, 1, 0, 0, 1, 1, 0, 1, 0, 0, 0]",113523748745557
"[1, 1, 1, 1, 1, 1, 1, 1, 2.9290000000000003, 0.7123, 0.9916, 0, 0, 2.4462, 1.9786000000000001, 0.989, 0.7701, 0, 2.9691, 0, 0, 0, 0, 0, 0, 0, 0, 0.8897, 1.9971999999999999, 0, 0, 0, 0, 5, 8, 4, 5, 3, 6, 7, 0, 1, 1, 0, 1, 0, 1, 0]",408282242636625
"[1, 1, 1, 1, 1, 1, 1, 1, 22.2521, 3.5141999999999998, 2.3832999999999998, 0, 0, 22.174400000000002, 5.9933, 4.9041999999999994, 0.9701, 8.4628, 21.1261, 3.9728, 0.3454, 0, 0, 0, 0, 0, 0, 0.9857, 15.9327, 0, 6.959300000000001, 0, 0, 2, 5, 0, 2, 1, 2, 0, 0, 1, 1, 0, 1, 0, 0, 1]",1468086266815937
"[1, 1, 1, 1, 1, 1, 1, 1, 1.9924, 1.9990999999999999, 1.8578999999999999, 0, 0, 3.7487, 0, 0, 0, 0.9862, 3.9705, 0.9986, 0, 0, 0, 0, 0, 0, 0, 0.7905, 1.9964, 0, 0, 0, 0, 1, 1, 0, 1, 1, 1, 1, 0, 1, 1, 1, 1, 0, 0, 1]",52850385745
"[1, 1, 0, 1, 1, 1, 1, 1, 7.011299999999999, 1.9854, 18.8152, 0, 0, 3.1672, 0, 1.0309, 0, 1.9677, 2.5241999999999996, 0, 0, 0, 0, 0, 0, 0, 0, 0.9968, 8.8536, 8.611799999999999, 0, 0, 0, 0, 1, 0, 1, 0, 0, 0, 0, 0, 0, 0, 1, 0, 1, 0]",408282242636625
"[1, 0, 0, 1, 1, 1, 1, 1, 5.3020000000000005, 4.9758, 4.1796, 0, 0, 7.8124, 0, 0, 0, 3.8222, 2.9877, 1.9944, 0, 0, 0, 0, 0, 0, 0, 0.9941, 3.9869, 0, 0, 0, 0, 1, 1, 0, 2, 0, 1, 0, 0, 1, 0, 0, 1, 0, 1, 1]",408282242636625
"[1, 0, 0, 1, 1, 1, 1, 0, 4.8561, 0.9774, 8.8767, 0, 0, 11.495199999999999, 1.4086, 0.9967, 0, 4.5256, 3.9907, 0.9961, 0, 0, 1.9020000000000001, 0, 0, 0, 0, 1.9242, 8.9438, 0, 0.9614, 0, 0, 0, 2, 1, 0, 0, 0, 0, 1, 1, 0, 1, 1, 0, 0, 1]",113523748745557
"[1, 0, 0, 1, 1, 1, 1, 1, 6.569, 2.9488000000000003, 6.812199999999999, 0, 0, 13.035899999999998, 4.5681, 1.9949, 0, 2.992, 5.5458, 2.9887, 1.797, 0, 1.6457000000000002, 0, 0, 0, 0, 3.1001000000000003, 9.95, 0, 0.9473, 0, 0, 1, 4, 2, 2, 3, 2, 1, 2, 1, 1, 1, 1, 0, 0, 1]",113523748745557
"[1, 0, 0, 1, 1, 1, 1, 0, 1.8432, 0, 5.8262, 0, 0, 5.9596, 0, 0.5031, 0, 2.8248, 1.9731999999999998, 0.9975, 0, 0, 0, 0, 0, 0, 0, 0, 1.9837, 0, 0, 0, 0, 0, 0, 0, 0, 0, 0, 0, 0, 1, 0, 0, 1, 0, 0, 1]",113523748745557
"[1, 1, 1, 1, 1, 1, 1, 1, 15.7649, 6.8188, 8.807400000000001, 0, 0, 16.828000000000003, 3.5879000000000003, 0.987, 0, 14.4622, 19.2905, 0.9991, 0, 0, 0, 0, 0, 0, 0, 0, 8.962299999999999, 0, 2.9596, 0, 0, 3, 6, 0, 2, 1, 5, 1, 1, 1, 1, 0, 1, 1, 0, 0]",113523748745557
"[1, 1, 1, 1, 1, 1, 1, 1, 2.6572999999999998, 0.9932, 0.9484, 0, 0, 3.9889, 2.1079, 1.9508999999999999, 0.9703, 2.9532, 0.9923, 0, 0, 0, 0, 0, 0, 0, 0, 0, 0, 0, 0, 0, 0, 0, 0, 0, 0, 0, 0, 0, 0, 1, 0, 0, 1, 0, 0, 0]",408282242636625
"[1, 0, 0, 1, 1, 1, 1, 1, 8.3406, 0, 3.973, 0, 0, 7.0863000000000005, 2.5446, 0, 0, 2.8167999999999997, 0, 0, 0, 0, 0, 0, 0, 0.9789, 0, 0.986, 4.8474, 0, 0, 0, 0, 1, 3, 1, 1, 2, 1, 2, 0, 1, 1, 0, 1, 1, 0, 0]",408282242636625
"[1, 1, 1, 1, 1, 1, 1, 1, 3.5135, 6.847400000000001, 0.9984, 0, 0, 13.3174, 0, 1.4458000000000002, 0, 1.9986000000000002, 3.9789, 0.9968, 0, 0, 4.324199999999999, 0, 0, 0, 0, 0.5353, 4.9799, 0, 0, 0, 0, 0, 0, 0, 0, 0, 1, 0, 0, 1, 0, 1, 1, 0, 1, 0]",408282242636625
"[1, 1, 1, 1, 1, 1, 1, 1, 10.608500000000001, 0, 15.862400000000001, 0, 0, 8.770299999999999, 1.9897, 0, 0, 9.9608, 13.941099999999999, 0, 0, 0, 0, 0, 0, 0, 0, 1.444, 4.900600000000001, 0, 0, 0, 0, 0, 1, 0, 3, 0, 2, 0, 0, 0, 0, 0, 1, 0, 0, 0]",1680158918899563
"[1, 0, 0, 1, 1, 1, 1, 1, 2.9276999999999997, 1.9969000000000001, 0.9826, 0, 0, 1.999, 2.919, 1.9765, 0, 1.9897, 0.9807, 0.9989, 0, 0, 0, 0, 0, 0.9964, 0, 0, 4.83, 0, 0.994, 0, 0, 2, 2, 1, 1, 1, 1, 1, 0, 1, 1, 0, 1, 0, 1, 1]",408282242636625
"[1, 1, 0, 1, 1, 1, 1, 0, 8.126999999999999, 0.8479, 1.7743, 0, 0.7723, 4.9425, 1.9693, 1.9966, 0, 4.89, 3.9935, 0.9987, 0, 0, 0, 0, 0, 0, 0, 0, 0.9963, 0, 0, 0, 0, 1, 0, 0, 1, 1, 1, 0, 0, 1, 0, 0, 1, 0, 0, 0]",52850385745
"[1, 1, 1, 1, 1, 1, 1, 1, 6.0621, 2.4122, 2.0849, 0, 0, 6.8395, 1.3601, 1.2248, 2.1185, 2.6821, 4.4141, 1.9825, 0.8082, 0, 0, 0, 0, 0, 0, 1.9872, 2.9769, 0, 0.9841, 0, 0, 0, 0, 0, 1, 0, 1, 0, 0, 0, 1, 0, 1, 0, 1, 0]",113523748745557
"[1, 0, 0, 1, 1, 1, 1, 0, 5.9865, 0, 9.7007, 0, 0.9676, 3.9013, 0, 0, 0, 2.9542, 6.7398, 0, 0, 0, 0, 0, 0, 0.9836, 0, 0, 2.8808999999999996, 0, 0, 0, 0, 1, 2, 0, 0, 0, 1, 0, 0, 1, 0, 0, 1, 0, 0, 0]",951998221479788
"[1, 1, 1, 1, 1, 1, 1, 0, 8.0114, 0.6947, 5.356400000000001, 0, 0, 11.591199999999999, 6.6471, 1.8987, 0.5946, 1.9916, 3.4143999999999997, 0.9977, 0.9335, 0, 0, 0, 0, 0, 0, 1.9797, 5.978999999999999, 0.3045, 1.9447, 0, 0, 5, 4, 0, 1, 0, 6, 0, 0, 1, 0, 0, 1, 0, 1, 1]",233293443506311
"[1, 1, 1, 1, 1, 1, 1, 0, 9.5524, 0, 9.7441, 0, 0.9713, 3.9476999999999998, 3.1130999999999998, 0, 0, 4.9923, 7.9802, 0.9984, 0, 0, 0, 0, 0, 0, 0, 0.984, 4.8222000000000005, 0, 0, 0, 0, 1, 1, 0, 0, 0, 1, 0, 1, 1, 0, 0, 1, 0, 0, 0]",951998221479788
"[1, 1, 0, 1, 1, 1, 1, 1, 15.1203, 2.9873000000000003, 0, 0, 0, 14.330400000000001, 5.9343, 2.4761, 0, 10.9018, 7.928699999999999, 0.9994, 0, 0, 0, 0, 0, 0, 0, 0, 7.6021, 0.5931, 0.986, 0, 0, 2, 3, 1, 1, 1, 2, 1, 0, 1, 1, 0, 1, 0, 0, 0]",113523748745557
"[1, 1, 1, 1, 1, 1, 1, 1, 20.969099999999997, 0.9986, 4.1991, 0, 0, 14.2205, 6.9711, 3.0525999999999995, 0, 7.6545000000000005, 15.4844, 2.9905, 0, 0, 1.8635000000000002, 0, 0, 0, 0, 3.9351, 6.936700000000001, 0, 0.9869, 0, 0, 3, 5, 0, 4, 3, 4, 2, 0, 1, 1, 1, 1, 0, 1, 0]",408282242636625
"[1, 1, 1, 1, 1, 1, 1, 1, 0.9231, 0.9969, 1.9153, 0, 0, 3.5487, 1.8403999999999998, 3.7756000000000003, 0, 0.9908, 1.4949, 0.9973, 0, 0, 0, 0, 0, 0, 0, 0, 1.9925000000000002, 0, 0, 0, 0, 1, 1, 0, 1, 1, 1, 1, 0, 1, 1, 0, 1, 0, 1, 0]",408282242636625
"[1, 1, 1, 1, 1, 1, 1, 1, 3.9921, 0.9994, 1.9525000000000001, 0, 0, 8.8866, 1.9906, 0, 0, 2.9956, 4.9755, 0, 0, 0, 0, 0, 0, 0, 0, 0.9943, 3.9762000000000004, 0, 0, 0, 0, 1, 1, 0, 1, 1, 1, 1, 0, 1, 1, 0, 1, 0, 1, 0]",1680158918899563
"[1, 1, 1, 1, 1, 0, 0, 0, 0.9975, 0, 0, 0, 0, 3.9607, 0.9991, 0, 0, 0.9975, 0.9936, 0.9979, 0, 0, 0, 0, 0, 0, 0, 0, 0.9968, 0, 0, 0, 0, 0, 0, 0, 0, 0, 0, 0, 0, 0, 1, 0, 1, 0, 0, 1]",113523748745557
"[1, 1, 1, 1, 1, 0, 0, 1, 0.9521, 0.991, 0.7621, 0, 0, 1.9842, 0.4169, 0, 0, 0, 0.9965, 0, 0, 0, 0, 0, 0, 0, 0, 0, 0, 0, 0, 0, 0, 0, 0, 0, 1, 0, 0, 0, 0, 0, 0, 0, 1, 0, 0, 0]",113523748745557
"[1, 1, 1, 1, 1, 1, 1, 1, 3.9252000000000002, 0, 6.861599999999999, 0, 0, 1.9596, 0, 2.3808, 0, 3.9389, 5.9011000000000005, 0, 0, 0, 0, 0, 0, 0, 0, 3.4623, 5.968999999999999, 0, 0, 0, 0, 3, 5, 0, 1, 0, 2, 0, 0, 1, 1, 0, 1, 0, 0, 0]",697689596979025
"[1, 1, 1, 1, 1, 1, 0, 1, 0, 1.9944, 5.741, 0, 0, 5.8712, 0, 0, 0, 0, 3.8699, 0, 0, 0, 0, 0, 0, 0, 0, 0, 0, 0, 0, 0, 0, 0, 0, 1, 1, 1, 0, 0, 0, 0, 0, 0, 1, 0, 0, 0]",113523748745557
"[1, 1, 1, 1, 1, 1, 1, 1, 16.3647, 4.9935, 13.609499999999999, 0, 0, 15.341999999999999, 2.8156, 3.7643, 0, 16.5221, 15.921000000000003, 0.9945, 0, 0, 0, 0, 0, 0, 0, 0.9877, 8.937999999999999, 0, 0, 0, 0, 2, 2, 1, 1, 2, 4, 1, 1, 1, 1, 0, 1, 0, 0, 0]",408282242636625
"[1, 1, 1, 1, 1, 1, 1, 0, 12.268899999999999, 3.8017999999999996, 3.9945, 0, 0, 12.5202, 2.4634, 2.5349, 0.941, 7.4103, 9.9749, 1.9978, 0, 0, 0, 0, 0, 0.9581, 0.9968, 0.9633, 7.9517999999999995, 0, 0, 0, 0, 2, 3, 0, 0, 0, 1, 0, 0, 1, 0, 0, 1, 0, 0, 1]",1468086266815937
"[1, 1, 1, 1, 1, 1, 1, 1, 8.2232, 0, 2.8552, 0, 0, 3.736, 4.8272, 0, 0, 8.6613, 9.8994, 0.9946, 0, 0, 0, 0, 0, 0, 0, 1.8634, 3.9882999999999997, 0, 0.9547, 0, 0, 0, 0, 0, 0, 0, 1, 0, 0, 1, 0, 0, 1, 0, 0, 0]",951998221479788
"[1, 1, 1, 1, 1, 1, 1, 1, 6.7138, 2.9965, 3.8396999999999997, 0, 0, 13.767000000000001, 4.1701, 2.9341, 0, 3.9036, 6.9435, 0.9947, 0.9582, 0, 0, 0, 0, 0, 0, 1.2368000000000001, 7.977099999999999, 0, 0, 0, 0, 1, 1, 1, 1, 1, 1, 1, 0, 1, 1, 0, 1, 0, 1, 1]",408282242636625
"[1, 1, 0, 1, 1, 1, 1, 0, 15.8511, 1.9987, 0, 0, 0, 9.361, 1.8467, 1.7641, 0, 1.9924, 4.941800000000001, 3.9904, 0.9582, 0, 0, 0, 0, 0, 0, 0, 5.9184, 0, 0, 0, 0, 0, 0, 1, 0, 0, 0, 0, 0, 1, 1, 0, 1, 0, 1, 1]",408282242636625
"[1, 1, 1, 1, 1, 1, 1, 1, 11.7339, 3.1209, 6.354299999999999, 0, 0, 12.874500000000001, 1.8916, 3.337, 0, 6.966799999999999, 9.5936, 2.9892, 1.6077, 0.6629, 0, 0, 0, 1.9536, 0, 0.9474, 9.6788, 0, 0.7841, 0, 0, 2, 6, 0, 2, 2, 4, 2, 0, 1, 1, 0, 1, 0, 0, 1]",408282242636625
"[1, 1, 1, 1, 1, 1, 1, 1, 14.047600000000001, 0.9979, 16.576500000000003, 0, 0, 14.2651, 2.7432, 1.9775, 0, 5.9277, 7.979299999999999, 0.9967, 0.857, 0, 0.3312, 0, 0, 0, 0, 0, 12.045600000000002, 0, 0, 0, 0, 0, 1, 0, 0, 0, 0, 2, 0, 1, 1, 0, 1, 0, 0, 0]",1680158918899563
"[1, 1, 1, 1, 1, 1, 1, 1, 31.3103, 17.2375, 7.1909, 2.0695, 0, 31.3162, 8.7752, 7.0723, 0, 18.4917, 32.113299999999995, 8.9367, 0, 0.8844, 0, 0, 0, 0, 0, 3.7505999999999995, 14.9199, 0, 0, 0, 0, 2, 7, 12, 2, 10, 3, 3, 1, 1, 1, 0, 1, 0, 0, 1]",951998221479788
"[1, 0, 0, 1, 1, 1, 1, 1, 7.3574, 1.9729999999999999, 4.0281, 0, 0.7812, 3.5498000000000003, 0, 1.5665, 0, 4.7852, 3.9936, 1.9828999999999999, 0, 0, 0, 0, 0, 0, 0, 0, 2.9794, 0, 0.8351, 0, 0, 0, 0, 0, 1, 1, 0, 0, 0, 0, 0, 0, 1, 0, 0, 0]",1523494334543575
"[1, 0, 0, 1, 1, 1, 1, 1, 5.9534, 0, 0, 0, 0, 4.954000000000001, 5.3778, 0, 0, 3.7844999999999995, 1.9872999999999998, 0.9926, 0, 0, 0, 0, 0, 0, 0.9952, 0, 1.9538, 0, 0, 0, 0, 1, 1, 2, 1, 3, 2, 2, 1, 0, 1, 0, 1, 0, 0, 1]",113523748745557
"[1, 1, 1, 1, 1, 1, 1, 1, 0, 0.9988, 0.9773, 0, 0, 5.8203, 0.6262, 0, 0, 0, 1.9925000000000002, 0, 0, 0, 0, 0, 0, 0, 0, 0.3854, 1.9969000000000001, 0, 0, 0, 0, 1, 1, 0, 1, 1, 1, 1, 0, 1, 1, 0, 1, 0, 0, 1]",113523748745557
"[1, 0, 0, 1, 1, 1, 1, 1, 6.8282, 2.6356, 9.8067, 0.6264, 0.7491, 9.1429, 3.4484, 2.8504, 0, 4.958600000000001, 8.741999999999999, 1.9973, 0, 0, 0, 0, 0, 1.9590999999999998, 0, 2.9773, 4.9796, 0, 0.9794, 0, 0, 1, 2, 1, 1, 1, 3, 1, 0, 1, 1, 0, 1, 1, 0, 1]",1680158918899563
"[1, 0, 0, 1, 1, 1, 1, 1, 2.706, 1.9882, 2.9871, 0, 0, 3.8532, 0, 0, 0.935, 0.9959, 1.9824000000000002, 0, 0, 0, 0, 0, 0, 0, 0, 0, 1.9963, 0, 0, 0, 0, 0, 0, 0, 1, 0, 0, 0, 0, 0, 0, 0, 1, 0, 0, 1]",113523748745557
"[1, 1, 1, 1, 1, 1, 1, 1, 10.986700000000003, 1.9964, 3.8379, 0, 0, 7.476500000000001, 2.7076000000000002, 0.8233, 0, 5.9175, 10.9418, 1.9882, 0, 0, 0, 0, 0, 0, 0, 1.5913, 2.9891, 0, 0.9886, 0, 0, 2, 3, 0, 0, 0, 3, 0, 0, 1, 0, 0, 1, 0, 1, 1]",408282242636625
"[1, 1, 1, 1, 1, 1, 1, 1, 37.7513, 2.7145, 8.247, 1.6475, 0, 19.247400000000003, 11.0347, 3.2169999999999996, 2.3655999999999997, 9.2706, 22.656399999999998, 7.9834, 0.9482, 0, 0, 0, 0, 0, 0.5516, 3.5172999999999996, 20.848399999999998, 0, 0.9735, 0, 0, 7, 7, 1, 4, 4, 7, 4, 0, 1, 1, 0, 1, 0, 0, 1]",408282242636625
"[1, 1, 1, 1, 1, 1, 1, 1, 2.3712999999999997, 1.9192, 1.4194, 0, 0, 0.992, 0.875, 0, 0, 0.9975, 3.8710999999999998, 0.9968, 0, 0, 0, 0, 0, 0, 0.8527, 2.8903, 7.535099999999999, 0, 0, 0, 0, 1, 1, 0, 1, 1, 1, 1, 0, 1, 1, 0, 1, 0, 0, 0]",951998221479788
"[1, 1, 1, 1, 1, 1, 1, 1, 44.48049999999999, 1.8574, 4.8617, 0, 0, 21.8727, 12.619200000000001, 3.5865, 0.9623, 13.628, 21.999700000000004, 3.9592, 1.6933, 0, 0, 0, 0, 0, 0, 2.9318, 11.709599999999998, 0, 1.7911000000000001, 0, 0, 1, 9, 1, 1, 1, 5, 1, 0, 1, 1, 1, 1, 0, 1, 0]",408282242636625
"[1, 0, 0, 1, 1, 1, 1, 1, 13.750399999999999, 1.952, 7.1847, 0, 0, 22.2398, 5.196400000000001, 3.6754, 0, 4.9732, 13.499099999999999, 0.9979, 1.6779, 0, 0, 0, 0, 0, 0, 0, 9.48, 0, 0, 0, 0, 3, 4, 0, 3, 2, 4, 2, 0, 1, 1, 0, 1, 0, 1, 0]",1680158918899563
"[1, 1, 1, 1, 1, 1, 1, 1, 8.5207, 0.9247, 8.2775, 0, 0, 4.9722, 3.388, 0, 0, 7.665500000000001, 6.4799999999999995, 2.9867, 0, 0, 0, 0, 0, 0, 0, 6.5375000000000005, 5.8891, 0, 0.9959, 0, 0, 0, 0, 1, 1, 2, 0, 1, 0, 1, 1, 0, 1, 0, 1, 0]",52850385745
"[1, 1, 1, 1, 1, 0, 0, 1, 0.9969, 0.9967, 1.9841, 0, 0, 0.9999, 0, 0.9765, 0, 0.9994, 0, 0, 0, 0, 0, 0, 0, 0, 0, 0, 0, 0, 0, 0, 0, 1, 0, 0, 1, 0, 0, 0, 0, 1, 0, 0, 1, 0, 0, 0]",113523748745557
"[1, 1, 0, 1, 1, 1, 1, 1, 21.369700000000005, 2.989, 9.9498, 0, 0, 11.948900000000002, 4.4428, 1.7618999999999998, 0, 12.9581, 17.0993, 2.9787999999999997, 3.319, 0.63, 0, 0, 0, 0, 0, 2.9683, 15.903399999999998, 0, 0.9902, 0, 0, 5, 5, 1, 4, 1, 3, 1, 1, 1, 0, 0, 1, 0, 0, 1]",1523494334543575
"[1, 0, 0, 1, 1, 1, 1, 0, 17.9561, 1.9704000000000002, 5.4949, 0, 0.5988, 10.849, 2.178, 1.9355, 0, 10.8601, 5.8029, 2.9866, 0, 0, 0, 0, 0.741, 0, 0, 0, 5.9515, 1.0218, 0, 0, 0, 2, 3, 7, 1, 2, 1, 2, 0, 1, 1, 0, 1, 0, 0, 1]",1523494334543575
"[1, 0, 0, 1, 1, 1, 1, 1, 5.624300000000001, 0, 5.6412, 0, 0, 5.9674000000000005, 4.1592, 0.7665, 0, 3.9575000000000005, 7.7227, 0.9972, 0, 0, 0, 0, 0, 0.9776, 0, 0, 3.9459, 0, 3.7797, 0, 0, 0, 0, 0, 0, 0, 0, 0, 0, 0, 0, 0, 1, 0, 0, 0]",113523748745557
"[1, 1, 1, 1, 1, 1, 1, 1, 9.5213, 5.849799999999999, 7.4984, 0, 0, 9.8903, 3.5427, 1.5137, 0, 7.947300000000001, 3.9885, 1.9984, 0, 0, 0, 0, 0, 0, 0, 0, 6.983700000000001, 0, 0, 0, 0, 1, 2, 0, 0, 1, 2, 0, 0, 1, 0, 0, 1, 0, 0, 0]",113523748745557
"[1, 0, 0, 1, 1, 1, 1, 0, 15.6754, 1.9844, 7.512499999999999, 0, 0, 7.6196, 7.388999999999999, 0.9968, 0, 7.9649, 11.581300000000002, 1.9966, 0, 0, 0, 0, 0, 0, 0, 0.9934, 6.5944, 0, 0.9875, 0, 0, 1, 2, 0, 0, 0, 1, 0, 0, 1, 0, 0, 1, 0, 1, 1]",1523494334543575
"[1, 1, 0, 1, 1, 1, 1, 1, 3.9895, 1.9977, 2.9923, 0, 0, 6.8815, 2.927, 1.4516, 0, 2.9884000000000004, 5.714599999999999, 0, 0, 0, 0, 0, 0, 0, 0, 1.9441000000000002, 3.989, 0, 0, 0, 0, 2, 2, 0, 2, 2, 2, 2, 0, 1, 1, 0, 1, 0, 0, 0]",408282242636625
"[1, 1, 1, 1, 1, 1, 1, 0, 9.6814, 2.8274, 2.8717, 0, 0, 8.3688, 1.7568, 4.25, 1.388, 3.8948, 6.8666, 2.988, 0, 0, 0, 0, 0, 0, 0, 4.6604, 8.9388, 0, 0, 0, 0, 1, 2, 1, 0, 1, 1, 6, 1, 0, 1, 1, 1, 1, 0, 1]",408282242636625
"[1, 0, 0, 1, 1, 1, 1, 1, 0, 0, 6.8693, 0, 0, 0.4656, 0, 0, 0, 0, 0.9913, 0.9976, 0, 0, 0, 0, 0, 0, 0.9915, 0, 2.9872, 0, 0, 0, 0, 2, 2, 0, 1, 2, 2, 1, 0, 0, 0, 0, 1, 0, 0, 0]",1523494334543575
"[1, 1, 1, 1, 1, 1, 1, 1, 1.8596, 1.9766, 0, 0, 0, 3.9787, 0.7239, 0.5785, 0, 1.7799, 2.994, 0, 0.8682, 0, 0, 0, 0, 0, 0, 0, 0.998, 0, 0.981, 0, 0, 2, 1, 0, 1, 1, 1, 1, 0, 1, 1, 0, 1, 0, 0, 0]",408282242636625
"[1, 1, 1, 1, 1, 1, 1, 1, 9.3641, 0, 15.970099999999999, 0, 0.9305, 13.884900000000002, 4.598599999999999, 1.9747, 0, 4.8169, 10.579999999999998, 0.9983, 0, 0, 0, 0, 0, 0, 0, 3.2246, 6.881, 0.3103, 0, 0, 0, 5, 9, 0, 5, 5, 6, 5, 0, 1, 1, 1, 1, 0, 1, 1]",408282242636625
"[1, 1, 1, 1, 1, 1, 1, 1, 7.8136, 2.9306, 1.9994, 0, 0, 5.9918000000000005, 0, 2.9787, 0, 3.9829999999999997, 6.909599999999999, 0, 0, 0, 0, 0, 0, 0, 0, 2.9655000000000005, 3.9794, 0, 0, 0, 0, 6, 20, 3, 5, 3, 21, 4, 2, 1, 1, 1, 1, 0, 1, 1]",1680158918899563
"[1, 1, 0, 1, 1, 1, 1, 1, 30.886400000000002, 2.7253, 1.4902, 0, 0.5304, 8.6025, 4.0169999999999995, 0, 0, 8.9218, 11.7916, 8.980099999999998, 0, 0, 0, 0, 0, 0.9737, 0, 2.3918, 10.914699999999998, 0, 0, 0, 0, 1, 3, 1, 1, 1, 3, 1, 0, 1, 1, 0, 1, 1, 1, 1]",408282242636625
"[1, 1, 1, 1, 1, 1, 1, 1, 6.7965, 3.8487999999999998, 22.079500000000003, 0, 0, 4.9894, 0, 1.8208000000000002, 0, 5.390700000000001, 4.9796, 0, 0.9363, 0, 0, 0, 0, 0, 0, 11.4312, 12.6454, 0, 0, 0, 0, 1, 3, 0, 1, 1, 1, 1, 0, 1, 1, 0, 1, 0, 0, 1]",408282242636625
"[1, 1, 1, 1, 1, 1, 1, 1, 6.7949, 1.7832, 0.9994, 0, 0, 2.9967, 0.9873, 0, 0, 4.8014, 2.9952, 0, 0.7124, 0, 0, 0, 0, 0, 0, 0, 2.8688, 0, 0, 0, 0, 1, 2, 0, 1, 1, 1, 1, 0, 1, 1, 0, 1, 0, 0, 1]",408282242636625
"[1, 1, 0, 1, 1, 1, 1, 1, 12.8287, 0, 4.3365, 0.5528, 0, 6.8093, 4.6784, 1.7593999999999999, 0, 6.9698, 7.835799999999999, 0, 1.6844000000000001, 0, 0, 0, 0, 0, 0, 1.9477, 2.9546, 0, 0, 0, 0, 1, 3, 0, 2, 3, 2, 2, 0, 1, 1, 0, 1, 0, 0, 0]",1680158918899563
"[1, 1, 1, 1, 1, 1, 1, 1, 21.2026, 4.083200000000001, 4.8424, 0, 0.7938, 18.947200000000002, 6.3889000000000005, 7.8447000000000005, 0, 11.098500000000001, 16.3666, 2.963, 1.5217, 0, 0, 0, 0, 0, 0, 1.1674, 6.981000000000001, 0, 0, 0, 0, 3, 4, 4, 2, 8, 3, 4, 0, 1, 1, 0, 1, 0, 0, 0]",113523748745557
"[1, 1, 1, 1, 1, 1, 1, 0, 15.1184, 2.9493, 5.014, 0, 1.3216999999999999, 10.861300000000002, 6.720300000000001, 0.9994, 0, 12.984299999999998, 9.255600000000001, 2.9867999999999997, 0, 0, 0, 0, 0, 0, 0, 0, 4.8737, 0, 0, 0, 0, 2, 2, 0, 1, 0, 3, 0, 0, 1, 0, 0, 1, 0, 0, 0]",1523494334543575
"[1, 1, 1, 1, 1, 1, 1, 1, 40.38859999999998, 9.3232, 21.677600000000005, 0.8032, 0.9146, 35.060900000000004, 10.275400000000001, 3.8643, 0, 32.560700000000004, 35.262600000000006, 2.9811, 0, 1.2062, 0, 0, 0, 0, 0, 0.9196, 23.8633, 0, 0, 0, 0, 5, 6, 0, 4, 4, 9, 3, 0, 1, 1, 0, 1, 0, 1, 0]",408282242636625
"[1, 1, 1, 1, 1, 0, 0, 1, 0.9491, 0, 4.7825999999999995, 0.8117, 0, 0, 0, 0, 0, 0, 0.9983, 0.9965, 0, 0, 0, 0, 0, 0, 0, 0, 0.9967, 0, 0, 0, 0, 0, 0, 0, 1, 0, 0, 0, 0, 0, 0, 0, 1, 0, 0, 0]",1523494334543575
"[1, 1, 1, 1, 1, 1, 1, 1, 8.5549, 0.9983, 4.1248000000000005, 0, 0, 4.6931, 0, 0, 0, 3.9239, 7.929799999999999, 0, 0, 0, 0, 0.9948, 0.583, 0, 0, 4.4302, 2.9918, 1.09, 0, 0, 0, 2, 1, 0, 2, 2, 3, 1, 0, 1, 1, 1, 1, 0, 0, 1]",1523494334543575
"[1, 0, 0, 1, 1, 1, 1, 1, 3.9884999999999997, 0.9971, 6.4404, 0, 0, 3.9538, 1.7934999999999999, 1.9191, 0, 0.9989, 2.9804, 0, 0.891, 0, 0, 0, 0, 1.9942000000000002, 0, 0, 1.9948000000000001, 0.8404, 0, 0, 0, 0, 1, 0, 0, 0, 0, 0, 0, 1, 0, 0, 1, 1, 0, 0]",408282242636625
"[1, 0, 0, 1, 1, 1, 1, 1, 0.8869, 0, 2.6834000000000002, 0, 0, 2.4196999999999997, 0, 0, 0, 0.9334, 0, 0, 0, 0, 0.7237, 0, 0, 0, 0, 0, 0, 0, 0, 0, 0, 0, 0, 1, 1, 0, 1, 0, 0, 0, 0, 1, 1, 1, 0, 0]",408282242636625
"[1, 0, 0, 1, 1, 1, 1, 0, 0, 2.9798999999999998, 1.9971999999999999, 0, 0, 3.2019, 0, 0.9868, 0, 0, 0.7791, 0.9977, 1.701, 0, 1.6185, 0, 0, 0, 0, 0, 2.9827, 0, 0.9682, 0, 0, 0, 2, 0, 0, 0, 0, 0, 1, 0, 0, 1, 1, 0, 0, 1]",113523748745557
"[1, 1, 1, 1, 1, 1, 0, 1, 5.129300000000001, 0, 6.658, 0, 0, 0.5887, 0.7159, 0.9998, 0, 0.999, 4.779, 0, 0.7945, 0, 0, 0, 0, 0, 0, 0, 2.8433, 0, 0, 0, 0, 1, 3, 0, 0, 0, 1, 0, 0, 0, 0, 0, 1, 0, 0, 0]",951998221479788
"[1, 1, 1, 1, 1, 1, 0, 1, 2.7166, 0, 0, 0, 0, 1.533, 0, 0, 0, 0.9017, 0.9931, 0, 0.7573, 0, 0, 0, 0, 0, 0, 0, 0.9985, 0, 0, 0, 0, 0, 0, 1, 0, 0, 1, 0, 0, 0, 0, 0, 1, 0, 1, 0]",233293443506311
"[1, 1, 1, 1, 1, 1, 1, 1, 4.9541, 0, 16.7624, 0, 0, 1.9056, 0.8734, 1.8646, 0, 1.951, 0, 1.9963, 0, 0, 0, 0, 0.3058, 0, 0, 5.75, 21.749, 1.3338999999999999, 0, 0, 0, 1, 0, 0, 3, 1, 1, 0, 0, 0, 0, 0, 1, 0, 0, 0]",951998221479788
"[1, 0, 0, 1, 1, 0, 0, 1, 1.935, 0, 5.7871999999999995, 0.8117, 0.662, 0.6429, 0, 0, 0, 0, 1.9975999999999998, 0.9965, 0, 0, 0, 0, 0, 0, 0, 0, 0.9912, 0, 0, 0, 0, 0, 0, 0, 1, 0, 0, 0, 0, 0, 0, 0, 1, 0, 0, 0]",1523494334543575
"[1, 1, 1, 1, 1, 1, 1, 0, 6.634799999999999, 0, 11.9007, 0, 0, 1.9967000000000001, 2.1664000000000003, 0, 0, 5.978300000000001, 5.455, 0, 0.5502, 0, 0, 0, 0, 0, 0, 2.9041, 2.9690000000000003, 0, 0, 0, 0, 1, 1, 0, 0, 0, 1, 0, 0, 0, 0, 0, 1, 0, 0, 0]",951998221479788
"[1, 0, 0, 1, 1, 1, 0, 1, 4.7598, 0.9955, 1.8749, 0, 0, 2.9829, 0.9454, 0.9783, 0, 1.9902000000000002, 4.3676, 0.9882, 0, 0, 0, 0, 0, 0, 0, 0, 1.9968, 0, 0, 0, 0, 1, 1, 0, 1, 1, 1, 1, 0, 1, 1, 0, 1, 0, 1, 0]",471232433050231
"[1, 0, 0, 1, 1, 1, 1, 1, 8.7777, 0, 10.1478, 0, 0, 5.468500000000001, 5.2059, 0, 0, 4.8378000000000005, 5.931100000000001, 0, 0, 0, 0, 0, 0, 0.9936, 0, 0, 8.8628, 0, 0, 0, 0, 2, 4, 2, 1, 0, 2, 2, 2, 1, 1, 0, 1, 0, 0, 1]",113523748745557
"[1, 1, 1, 1, 1, 1, 1, 1, 6.790800000000001, 1.9651, 13.0701, 0, 0, 14.2768, 5.081400000000001, 4.8924, 0, 3.9128, 8.5719, 2.9893, 0, 0, 0, 0, 0, 0, 0, 0.9034, 8.8747, 0, 0, 0, 0, 8, 12, 0, 8, 8, 9, 8, 0, 1, 1, 0, 1, 0, 1, 1]",408282242636625
"[1, 0, 0, 1, 1, 0, 0, 1, 2.709, 0, 4.4583, 0, 0.8876, 0.7189, 0, 0, 0, 0, 1.9879, 0.9945, 0, 0, 0, 0, 0, 0, 0, 0, 0.9816, 0, 0, 0, 0, 0, 0, 0, 1, 0, 0, 0, 0, 0, 0, 0, 1, 0, 0, 0]",1523494334543575
"[1, 0, 0, 1, 1, 1, 1, 1, 4.164, 0.9648, 6.810099999999999, 0, 0.6405, 2.983, 0.9208, 0, 0, 1.4279, 5.9537, 0, 0, 0, 0, 0, 0, 0, 0, 1.9849999999999999, 4.4859, 0, 0, 0, 0, 2, 1, 0, 2, 1, 2, 1, 0, 1, 1, 0, 1, 0, 0, 0]",113523748745557
"[1, 1, 1, 1, 1, 1, 1, 1, 0, 0.9962, 0, 0, 0, 4.3437, 0, 0, 0, 0, 1.9858, 0.9825, 0, 0, 0, 0, 0, 0, 0, 0, 0.9953, 0, 0, 0, 0, 1, 1, 0, 1, 1, 1, 1, 0, 1, 1, 0, 1, 0, 1, 0]",52850385745
"[1, 1, 1, 1, 1, 1, 1, 0, 12.790700000000001, 20.474500000000006, 7.105500000000001, 0, 0, 26.570999999999998, 5.5661000000000005, 3.5224, 1.3669, 8.584200000000001, 12.8692, 2.9728000000000003, 0, 0, 0, 0, 0, 0, 0, 0, 19.820899999999998, 0, 1.99, 0, 0, 1, 1, 1, 1, 0, 1, 0, 0, 0, 1, 1, 1, 0, 1, 1]",113523748745557
"[1, 1, 1, 1, 1, 1, 1, 1, 21.413099999999996, 5.9458, 11.2181, 0, 0, 19.9538, 0.9856, 5.6223, 0, 8.9536, 15.6175, 2.9202, 3.5241000000000002, 0, 0, 0, 0, 4.83, 0, 1.1574, 21.0384, 1.5824, 0, 0, 0, 2, 9, 0, 2, 3, 4, 2, 0, 1, 1, 0, 1, 1, 1, 1]",233293443506311
"[1, 1, 1, 1, 1, 1, 1, 1, 3.7989, 1.8169, 14.909600000000003, 0, 0, 13.3564, 2.4194, 0, 0, 2.912, 5.9608, 0.9983, 0, 0, 3.8664, 0, 0, 0, 0, 1.9945, 5.9626, 0, 0, 0, 0, 0, 2, 0, 0, 0, 0, 0, 0, 1, 0, 1, 1, 0, 0, 1]",408282242636625
"[1, 1, 1, 1, 1, 1, 1, 1, 6.4742, 1.9937, 6.1907, 0, 0, 5.5432, 0.8604, 1.971, 0, 0.9988, 3.988, 0.9979, 0, 0, 0, 0, 0, 0, 0, 1.1992, 5.9472, 0, 0.9907, 0, 0, 1, 1, 0, 1, 1, 1, 1, 0, 1, 1, 1, 1, 0, 0, 1]",408282242636625
"[1, 1, 0, 1, 1, 1, 1, 1, 19.379899999999996, 5.902699999999999, 6.9971000000000005, 0, 0, 16.8258, 6.3424, 3.4009, 0, 15.523000000000001, 17.5872, 2.9853, 0, 0, 0, 0, 0, 0.9921, 0, 1.9848, 7.954699999999999, 0, 0.9963, 0, 0, 4, 7, 5, 2, 5, 6, 3, 0, 1, 1, 1, 1, 1, 0, 1]",1523494334543575
"[1, 1, 1, 1, 1, 1, 1, 1, 10.670100000000001, 3.8047000000000004, 3.8754999999999997, 0, 0, 15.739699999999997, 4.1007, 2.524, 0, 4.8414, 10.457900000000002, 1.9961, 0, 0, 0, 0, 0, 0, 0, 2.6605, 4.9716, 0, 0, 0, 0, 1, 2, 1, 2, 3, 4, 4, 1, 1, 1, 1, 1, 0, 1, 1]",408282242636625
"[1, 1, 1, 1, 1, 1, 1, 0, 24.1085, 11.028700000000002, 4.7244, 0, 0, 29.4346, 10.510399999999999, 7.3494, 0, 19.6211, 24.1932, 6.9314, 1.4788999999999999, 0, 0, 0, 0, 0, 0, 1.9409, 13.944500000000001, 0, 2.9867, 0, 0, 2, 1, 1, 0, 0, 7, 0, 0, 1, 1, 0, 1, 0, 0, 1]",1523494334543575
"[1, 1, 1, 1, 1, 1, 1, 1, 1.6033, 1.9929000000000001, 0.9873, 0, 0, 7.6687, 0.6435, 0.9918, 0, 1.8367, 1.9944000000000002, 0, 0.9266, 0, 0, 0, 0, 0, 0, 0, 0.9961, 0, 0, 0, 0, 2, 3, 0, 2, 2, 2, 2, 0, 1, 1, 0, 1, 0, 1, 0]",408282242636625
"[1, 1, 1, 1, 1, 0, 0, 0, 0.9963, 0, 0, 0, 0, 3.9276, 0.9345, 0, 0, 0.9961, 0.9936, 0, 0, 0, 0, 0, 0, 0, 0, 0, 1.9958, 0, 0, 0, 0, 1, 0, 0, 0, 0, 0, 0, 0, 0, 1, 0, 1, 0, 0, 1]",113523748745557
"[1, 0, 0, 1, 1, 1, 0, 0, 5.632, 0, 6.639, 0, 0.848, 3.8787, 0, 0, 0, 1.9902000000000002, 1.9949, 0, 0, 0, 0, 0, 0, 0.9972, 0, 0, 2.9466, 0, 0, 0, 0, 1, 1, 0, 0, 0, 1, 0, 0, 1, 0, 0, 1, 0, 0, 0]",113523748745557
"[1, 1, 1, 1, 1, 1, 1, 1, 27.5281, 26.1216, 3.1774, 0, 0, 37.555400000000006, 8.9849, 6.299, 0, 22.537000000000003, 24.674899999999997, 3.9886, 0, 0, 0, 0, 0, 0, 0, 0, 20.8741, 0, 0, 0, 0, 2, 5, 0, 1, 2, 6, 1, 0, 1, 1, 0, 1, 0, 1, 1]",408282242636625
"[1, 1, 1, 1, 1, 1, 1, 1, 4.7747, 5.964, 5.2559, 0, 0, 9.7001, 1.6966999999999999, 4.7973, 0, 5.9155, 2.9917, 0, 0, 0, 0, 0, 0, 0, 0, 0, 3.898, 0, 0, 0, 0, 0, 0, 1, 0, 1, 2, 1, 0, 1, 1, 0, 1, 0, 0, 0]",113523748745557
"[1, 1, 1, 1, 1, 1, 1, 1, 2.6992000000000003, 0, 1.3742, 0, 0, 1.7372, 0, 0, 0, 1.8453, 0.9988, 0, 0, 0, 0, 0, 0, 0, 0, 0, 1.9909, 0, 0, 0, 0, 2, 2, 0, 2, 2, 2, 2, 0, 1, 1, 0, 1, 0, 0, 0]",113523748745557
"[1, 0, 0, 1, 1, 1, 1, 1, 6.0373, 0, 9.129399999999999, 0, 0, 6.6239, 1.9196, 0.9944, 0.9565, 1.9138, 3.9502, 0.9984, 0, 0, 0, 0, 0, 0.9936, 0, 1.6152000000000002, 6.9189, 0, 0.9963, 0, 0, 0, 1, 0, 3, 0, 0, 0, 1, 1, 1, 0, 1, 0, 0, 0]",113523748745557
"[1, 1, 1, 1, 1, 0, 0, 1, 1.9571, 0, 2.7509, 0, 0, 0.9572, 0.6475, 0, 0, 0, 1.9630999999999998, 0, 0, 0, 0, 0, 0, 0, 0, 0, 0.9937, 0.222, 0, 0, 0, 0, 0, 1, 0, 0, 0, 0, 1, 0, 1, 0, 1, 0, 0, 0]",52850385745
"[1, 1, 1, 1, 1, 1, 1, 1, 39.75299999999999, 4.6562, 19.842499999999998, 0, 0, 18.150299999999998, 1.6307, 4.2066, 0, 7.970700000000001, 28.068100000000005, 5.8816999999999995, 0, 0, 0, 0, 0, 0, 0, 7.1481, 25.5845, 0, 0, 0, 0, 1, 7, 0, 1, 2, 3, 1, 0, 1, 1, 0, 1, 0, 1, 1]",408282242636625
"[1, 1, 1, 1, 1, 1, 1, 1, 48.99, 10.5858, 6.6777999999999995, 0, 0, 34.6584, 18.0887, 11.258699999999997, 0, 31.2488, 38.240599999999986, 6.9706, 0, 0, 0, 0, 0, 0, 0, 0.9307, 27.920399999999997, 0, 0, 0, 0, 3, 7, 7, 5, 7, 6, 2, 0, 1, 1, 0, 1, 0, 0, 0]",408282242636625
"[1, 0, 0, 1, 1, 1, 1, 1, 13.990799999999997, 0, 2.7981, 0, 0, 6.039, 2.2537, 0.9962, 0, 4.705, 2.9823, 2.9573, 0.9125, 0, 0, 0, 0, 0, 0, 0.997, 3.6443000000000003, 0, 0, 0, 0, 1, 3, 1, 1, 1, 2, 1, 0, 1, 0, 0, 1, 0, 1, 0]",408282242636625
"[1, 1, 1, 1, 1, 1, 1, 1, 14.0097, 2.9628, 5.4361, 0, 0.9273, 5.8385, 4.711, 4.3085, 0, 8.261099999999999, 10.516900000000001, 0.9955, 0, 0, 0, 0, 0, 0, 0, 0, 6.9648, 0, 0, 0, 0, 1, 2, 0, 1, 0, 2, 0, 0, 1, 0, 0, 1, 0, 0, 0]",1523494334543575
"[1, 1, 1, 1, 1, 1, 1, 1, 47.53609999999999, 13.765600000000001, 3.1734, 0, 0, 48.190099999999994, 11.023200000000001, 10.1902, 0, 21.354699999999998, 40.0073, 1.9771, 0, 0, 0, 0, 0, 0, 0, 0, 24.843700000000002, 0, 0.4139, 0, 0, 6, 7, 3, 2, 3, 7, 5, 1, 1, 1, 0, 1, 0, 0, 0]",408282242636625
"[1, 0, 0, 1, 1, 1, 1, 0, 0, 0, 5.677399999999999, 0, 0, 2.6538, 0, 0, 0, 0, 0.9975, 1.9958, 0.8938, 0, 4.6781, 0, 0, 0, 0, 0, 0.9958, 0, 0, 0, 0, 0, 0, 0, 0, 0, 0, 0, 0, 0, 0, 1, 1, 0, 0, 1]",113523748745557
"[1, 1, 1, 1, 1, 0, 0, 0, 0.9987, 0, 0.9887, 0, 0, 0.9981, 0, 0, 0, 0.8936, 0, 0, 0, 0, 0, 0, 0, 0, 0, 0, 0.999, 0, 0, 0, 0, 0, 0, 0, 0, 0, 0, 0, 0, 0, 0, 0, 1, 0, 0, 1]",113523748745557
"[1, 1, 0, 1, 1, 1, 1, 1, 10.0387, 0, 6.687799999999999, 0, 0, 9.201, 2.6813000000000002, 0, 0, 4.9596, 3.9248, 3.986, 0, 0, 0, 0, 0, 0, 0, 1.9726, 4.9077, 0, 0, 0, 0, 1, 3, 3, 1, 0, 4, 0, 0, 1, 0, 0, 1, 0, 0, 1]",408282242636625
"[1, 1, 1, 1, 1, 1, 1, 1, 3.5282, 3.9594, 5.4661, 0, 0, 6.8625, 2.8794, 1.9613, 0, 2.6829, 1.766, 2.624, 0.7635, 0, 0, 0, 0, 0, 0, 0, 10.816700000000003, 0, 0, 0, 0, 1, 2, 0, 1, 0, 1, 0, 0, 0, 0, 0, 1, 0, 0, 1]",113523748745557
"[1, 1, 1, 1, 1, 1, 1, 1, 7.7922, 1.8921000000000001, 5.252000000000001, 0, 0, 3.3731, 1.6999, 1.9751, 0, 1.5295, 5.953499999999999, 0.9968, 0, 0, 0, 0, 0, 0.9819, 0, 2.8894, 2.9873000000000003, 0, 0, 0, 0, 1, 1, 0, 1, 1, 1, 1, 0, 1, 1, 0, 1, 1, 0, 1]",408282242636625
"[1, 1, 1, 1, 1, 1, 1, 1, 6.6701999999999995, 4.8958, 5.7287, 0, 0, 10.369200000000001, 0, 1.9271, 0, 5.9633, 4.980300000000001, 4.9872, 0, 0.8862, 0, 0, 0, 0, 0, 0.9575, 6.982899999999999, 0, 0, 0, 0, 1, 1, 0, 1, 0, 1, 0, 0, 1, 0, 0, 1, 0, 1, 0]",233293443506311
"[1, 1, 1, 1, 1, 1, 1, 1, 12.7656, 0.8666, 8.4072, 0, 1.6196000000000002, 10.138200000000001, 4.7097, 3.8409000000000004, 0, 6.9475999999999996, 7.977, 2.9894999999999996, 0, 0, 0, 0, 0, 0, 0, 1.9150999999999998, 6.0653, 0.3571, 0, 0, 0, 3, 3, 0, 3, 3, 3, 3, 0, 1, 1, 0, 1, 0, 0, 1]",408282242636625
"[1, 1, 1, 1, 1, 1, 1, 0, 2.172, 0.7828, 1.4733, 0, 0, 2.9728000000000003, 0.9489, 2.9134, 0.7948, 3.9200999999999997, 0.9972, 0, 0, 0, 0, 0, 0, 0, 0, 0, 0, 0, 1.9026, 0, 0, 0, 3, 0, 0, 0, 0, 0, 0, 0, 0, 0, 1, 0, 0, 0]",113523748745557
"[1, 1, 1, 1, 1, 0, 0, 1, 2.5745, 1.9924, 0.5698, 0, 0, 4.9350000000000005, 0, 0.9963, 0, 1.9958, 0.9953, 0, 0, 0, 0, 0, 0, 0, 0, 0.4275, 1.9973999999999998, 0, 0, 0, 0, 1, 1, 0, 1, 1, 1, 1, 0, 1, 1, 0, 1, 0, 1, 0]",408282242636625
"[1, 1, 1, 1, 1, 1, 0, 1, 0.691, 3.9783, 0, 0, 0, 6.951600000000001, 0, 0, 0, 0.9529, 1.9794, 0, 0, 0, 0, 0, 0, 0, 0, 0, 0, 0, 0.6512, 0, 0, 1, 1, 0, 1, 1, 2, 1, 0, 1, 1, 0, 1, 0, 0, 0]",408282242636625
"[1, 1, 0, 1, 1, 1, 1, 1, 12.1282, 2.9744, 9.7281, 0, 0.8288, 6.5815, 6.8576, 0, 0, 3.9224, 6.4942, 1.9962, 0.8986, 0, 0, 0, 0, 0.989, 0, 0.9289, 7.9555, 0, 0, 0, 0, 5, 9, 0, 4, 2, 5, 2, 0, 1, 1, 0, 1, 1, 0, 1]",471232433050231
"[1, 1, 1, 1, 1, 0, 0, 1, 2.653, 0, 0, 0.8911, 0, 0, 0.6079, 0, 0, 1.8135, 0, 0.9979, 0, 0, 0, 0, 0, 0, 0, 0, 0, 0, 0, 0, 0, 0, 0, 0, 0, 0, 0, 0, 0, 0, 0, 0, 1, 0, 0, 0]",233293443506311
"[1, 1, 1, 1, 1, 1, 0, 1, 1.984, 0, 0, 0, 0, 0, 0.949, 0, 0, 1.9857, 0.9974, 0, 0, 0, 0, 0, 0, 0, 0, 0, 0, 0.7229, 0, 0, 0, 0, 0, 0, 0, 0, 0, 0, 0, 1, 0, 0, 1, 0, 0, 0]",52850385745
"[1, 0, 0, 1, 1, 1, 1, 0, 15.454599999999997, 5.966000000000001, 10.0568, 0, 0, 13.145800000000001, 7.259399999999999, 1.8186, 0.9701, 6.9384999999999994, 19.5022, 3.9762, 0, 0, 0, 0, 0.6227, 0, 0, 6.6842, 17.602499999999996, 0, 2.9913, 0, 0, 3, 2, 2, 1, 2, 2, 2, 1, 1, 1, 0, 1, 0, 0, 1]",1468086266815937
