Test Label,ID
unrelated,281688762959032
comment,408282242636625
unrelated,281688762959032
unrelated,281688762959032
unrelated,408282242636625
comment,2448884692101913
comment,113523748745557
comment,2448884692101913
unrelated,408282242636625
comment,281688762959032
comment,2448884692101913
comment,697689596979025
unrelated,1468086266815937
comment,1894066747532679
comment,113523748745557
unrelated,52850385745
comment,113523748745557
unrelated,1523494334543575
unrelated,113523748745557
unrelated,281688762959032
unrelated,1468086266815937
unrelated,281688762959032
unrelated,281688762959032
comment,951998221479788
comment,281688762959032
unrelated,951998221479788
unrelated,1468086266815937
unrelated,281688762959032
unrelated,113523748745557
comment,2448884692101913
unrelated,1680158918899563
unrelated,408282242636625
unrelated,1523494334543575
unrelated,113523748745557
comment,281688762959032
comment,113523748745557
comment,1680158918899563
unrelated,408282242636625
comment,697689596979025
comment,2448884692101913
unrelated,281688762959032
unrelated,951998221479788
unrelated,113523748745557
unrelated,113523748745557
comment,233293443506311
comment,113523748745557
comment,1680158918899563
comment,1523494334543575
unrelated,408282242636625
unrelated,281688762959032
comment,113523748745557
comment,113523748745557
unrelated,52850385745
unrelated,281688762959032
comment,113523748745557
comment,113523748745557
comment,951998221479788
comment,408282242636625
unrelated,281688762959032
comment,1680158918899563
comment,2448884692101913
unrelated,113523748745557
unrelated,408282242636625
comment,113523748745557
unrelated,281688762959032
unrelated,397154924248456
unrelated,113523748745557
comment,113523748745557
unrelated,1468086266815937
unrelated,233293443506311
comment,281688762959032
unrelated,1468086266815937
unrelated,281688762959032
unrelated,281688762959032
unrelated,697689596979025
comment,951998221479788
unrelated,113523748745557
comment,113523748745557
comment,408282242636625
comment,113523748745557
unrelated,408282242636625
unrelated,113523748745557
unrelated,113523748745557
comment,113523748745557
comment,113523748745557
comment,113523748745557
unrelated,697689596979025
unrelated,233293443506311
unrelated,951998221479788
unrelated,951998221479788
comment,1468086266815937
unrelated,951998221479788
comment,113523748745557
unrelated,113523748745557
comment,113523748745557
unrelated,408282242636625
comment,113523748745557
unrelated,1468086266815937
unrelated,113523748745557
comment,408282242636625
comment,113523748745557
unrelated,408282242636625
unrelated,1894066747532679
comment,113523748745557
unrelated,281688762959032
comment,1680158918899563
comment,113523748745557
comment,281688762959032
comment,408282242636625
comment,113523748745557
comment,113523748745557
unrelated,1680158918899563
unrelated,1468086266815937
unrelated,1468086266815937
unrelated,113523748745557
unrelated,113523748745557
comment,113523748745557
unrelated,113523748745557
comment,113523748745557
unrelated,408282242636625
comment,1894066747532679
comment,113523748745557
comment,408282242636625
unrelated,1468086266815937
unrelated,1468086266815937
unrelated,951998221479788
unrelated,113523748745557
comment,951998221479788
unrelated,281688762959032
unrelated,113523748745557
comment,113523748745557
comment,951998221479788
unrelated,233293443506311
unrelated,113523748745557
unrelated,281688762959032
comment,113523748745557
unrelated,52850385745
unrelated,281688762959032
comment,233293443506311
comment,1680158918899563
comment,1468086266815937
comment,1894066747532679
comment,113523748745557
comment,281688762959032
unrelated,1468086266815937
unrelated,113523748745557
comment,1680158918899563
comment,370164753104262
unrelated,2448884692101913
unrelated,408282242636625
unrelated,113523748745557
unrelated,113523748745557
comment,113523748745557
unrelated,1468086266815937
comment,113523748745557
unrelated,113523748745557
comment,697689596979025
unrelated,113523748745557
unrelated,281688762959032
unrelated,113523748745557
unrelated,233293443506311
unrelated,1468086266815937
unrelated,113523748745557
comment,113523748745557
unrelated,113523748745557
unrelated,113523748745557
comment,113523748745557
unrelated,52850385745
comment,2448884692101913
unrelated,281688762959032
unrelated,281688762959032
comment,113523748745557
unrelated,113523748745557
comment,408282242636625
comment,113523748745557
comment,951998221479788
unrelated,281688762959032
comment,113523748745557
unrelated,951998221479788
unrelated,1468086266815937
unrelated,1680158918899563
unrelated,113523748745557
comment,233293443506311
unrelated,951998221479788
unrelated,1468086266815937
unrelated,113523748745557
unrelated,951998221479788
unrelated,52850385745
comment,113523748745557
